{"cameraMode":{"drawMode":0,"name":"Shaded","section":"Shading Mode"},"sceneLighting":true,"audioPlay":false,"sceneViewState":{"m_AlwaysRefresh":false,"showFog":true,"showSkybox":true,"showFlares":true,"showImageEffects":true,"showParticleSystems":true,"showVisualEffectGraphs":true,"m_FxEnabled":true},"in2DMode":false,"pivot":{"x":-0.0001256931573152542,"y":4.147610664367676,"z":6.525834560394287},"rotation":{"x":0.33391302824020388,"y":0.01555199921131134,"z":-0.005510068964213133,"w":0.942459762096405},"size":0.06229642778635025,"orthographic":true}