{"cameraMode":{"drawMode":0,"name":"Shaded","section":"Shading Mode"},"sceneLighting":true,"audioPlay":false,"sceneViewState":{"m_AlwaysRefresh":false,"showFog":true,"showSkybox":true,"showFlares":true,"showImageEffects":true,"showParticleSystems":true,"showVisualEffectGraphs":true,"m_FxEnabled":true},"in2DMode":false,"pivot":{"x":0.1302345246076584,"y":4.171202659606934,"z":14.771699905395508},"rotation":{"x":-0.008950288407504559,"y":0.9540167450904846,"z":-0.2982509136199951,"w":-0.028629127889871599},"size":0.4700453579425812,"orthographic":true}