{"cameraMode":{"drawMode":0,"name":"Shaded","section":"Shading Mode"},"sceneLighting":true,"audioPlay":false,"sceneViewState":{"m_AlwaysRefresh":false,"showFog":true,"showSkybox":true,"showFlares":true,"showImageEffects":true,"showParticleSystems":true,"showVisualEffectGraphs":true,"m_FxEnabled":true},"in2DMode":false,"pivot":{"x":-0.4897254705429077,"y":4.19379186630249,"z":19.291589736938478},"rotation":{"x":0.23029759526252747,"y":-0.34494322538375857,"z":0.08771152794361115,"w":0.9056960940361023},"size":0.5519706606864929,"orthographic":true}