{"cameraMode":{"drawMode":0,"name":"Shaded","section":"Shading Mode"},"sceneLighting":true,"audioPlay":false,"sceneViewState":{"m_AlwaysRefresh":false,"showFog":true,"showSkybox":true,"showFlares":true,"showImageEffects":true,"showParticleSystems":true,"showVisualEffectGraphs":true,"m_FxEnabled":true},"in2DMode":false,"pivot":{"x":-0.008999999612569809,"y":4.092202663421631,"z":19.04825210571289},"rotation":{"x":0.33391302824020388,"y":0.01555199921131134,"z":-0.005510068964213133,"w":0.942459762096405},"size":0.32646462321281435,"orthographic":true}