{"cameraMode":{"drawMode":0,"name":"Shaded","section":"Shading Mode"},"sceneLighting":true,"audioPlay":false,"sceneViewState":{"m_AlwaysRefresh":false,"showFog":true,"showSkybox":true,"showFlares":true,"showImageEffects":true,"showParticleSystems":true,"showVisualEffectGraphs":true,"m_FxEnabled":true},"in2DMode":false,"pivot":{"x":-0.01476547122001648,"y":4.004202365875244,"z":14.771699905395508},"rotation":{"x":0.2955518364906311,"y":-0.1603647619485855,"z":0.05039709433913231,"w":0.9404268860816956},"size":1.653590440750122,"orthographic":true}